{
	"credit": "Made with Blockbench",
	"texture_size": [64, 64],
	"textures": {
		"0": "minecraft:item/human_teleporter_base",
		"1": "minecraft:item/human_teleporter_anim",
		"particle": "minecraft:item/human_teleporter_base"
	},
	"elements": [
		{
			"from": [0, 0, 0],
			"to": [16, 16, 16],
			"faces": {
				"north": {"uv": [0, 0, 4, 4], "texture": "#0"},
				"east": {"uv": [0, 4, 4, 8], "texture": "#0"},
				"south": {"uv": [4, 0, 8, 4], "texture": "#0"},
				"west": {"uv": [4, 4, 8, 8], "texture": "#0"},
				"up": {"uv": [4, 12, 0, 8], "texture": "#0"},
				"down": {"uv": [12, 0, 8, 4], "texture": "#0"}
			}
		},
		{
			"from": [0, 17, 0],
			"to": [16, 17, 16],
			"rotation": {"angle": 0, "axis": "y", "origin": [0, 17, 0]},
			"faces": {
				"north": {"uv": [0, 0, 4, 0], "texture": "#1"},
				"east": {"uv": [0, 0, 4, 0], "texture": "#1"},
				"south": {"uv": [0, 0, 4, 0], "texture": "#1"},
				"west": {"uv": [0, 0, 4, 0], "texture": "#1"},
				"up": {"uv": [4, 12, 0, 8], "texture": "#1"},
				"down": {"uv": [12, 0, 8, 4], "texture": "#1"}
			}
		},
		{
			"from": [0, 18, 0],
			"to": [16, 18, 16],
			"rotation": {"angle": 0, "axis": "y", "origin": [0, 18, 0]},
			"faces": {
				"north": {"uv": [0, 0, 4, 0], "texture": "#1"},
				"east": {"uv": [0, 0, 4, 0], "texture": "#1"},
				"south": {"uv": [0, 0, 4, 0], "texture": "#1"},
				"west": {"uv": [0, 0, 4, 0], "texture": "#1"},
				"up": {"uv": [8, 4, 4, 0], "texture": "#1"},
				"down": {"uv": [8, 4, 4, 8], "texture": "#1"}
			}
		},
		{
			"from": [0, 19, 0],
			"to": [16, 19, 16],
			"rotation": {"angle": 0, "axis": "y", "origin": [0, 19, 0]},
			"faces": {
				"north": {"uv": [0, 0, 4, 0], "texture": "#1"},
				"east": {"uv": [0, 0, 4, 0], "texture": "#1"},
				"south": {"uv": [0, 0, 4, 0], "texture": "#1"},
				"west": {"uv": [0, 0, 4, 0], "texture": "#1"},
				"up": {"uv": [4, 4, 0, 0], "texture": "#1"},
				"down": {"uv": [4, 4, 0, 8], "texture": "#1"}
			}
		}
	]
}