{
    "parent": "item/generated",
    "textures": {
      "layer0": "minecraft:item/paper"
    },
  
    "overrides": [
      {
        "predicate": {
          "custom_model_data": 8008
        },
        "model": "item/human_teleporter"
      },
      {
        "predicate": {
          "custom_model_data": 8009
        },
        "model": "item/paper"
      },
      {
        "predicate": {
          "custom_model_data": 8015
        },
        "model": "item/moonlight_panel"
      },
      {
        "predicate": {
          "custom_model_data": 8016
        },
        "model": "item/solar_panel"
      },
      {
        "predicate": {
          "custom_model_data": 8017
        },
        "model": "item/paper"
      },
      {
        "predicate": {
          "custom_model_data": 8019
        },
        "model": "item/item_teleporter"
      },
      {
        "predicate": {
          "custom_model_data": 8020
        },
        "model": "item/paper"
      },
      {
        "predicate": {
          "custom_model_data": 8036
        },
        "model": "item/biter_detector"
      },
      {
        "predicate": {
          "custom_model_data": 8037
        },
        "model": "item/paper"
      },
      {
        "predicate": {
          "custom_model_data": 8044
        },
        "model": "item/battery_monitor"
      },
      {
        "predicate": {
          "custom_model_data": 8045
        },
        "model": "item/paper"
      }
    ]
  }